Workbook
Name FID_1: [1]AGR_Fuels!$A$2

Sheet Region-Time Slices
B4: Regions | E4: TimeSlices
B6: ~BookRegions_Map | E6: ~TimeSlices
B7: BookName | C7: Region | E7: Season | F7: Weekly | G7: DayNite
B8: Model | C8: SAR | E8: 1S | F8: 1MO | G8: 1h | I8: {=_xlfn.TOCOL(_xlfn.ANCHORARRAY(L30))} -> 1S1MO1h | L8: {=TRANSPOSE(F8:F14)} -> 1MO | M8: 2TU | N8: 3WE | O8: 4TH | P8: 5FR | Q8: 6SA | R8: 7SU
E9: 2S | F9: 2TU | G9: 2h | I9: 1S1MO2h | K9: {=E8:E11} -> 1S | L9: {=_xlfn.ANCHORARRAY(K9)&_xlfn.ANCHORARRAY(L8)} -> 1S1MO | M9: 1S2TU | N9: 1S3WE | O9: 1S4TH | P9: 1S5FR | Q9: 1S6SA | R9: 1S7SU
E10: 3S | F10: 3WE | G10: 3h | I10: 1S1MO3h | K10: 2S | L10: 2S1MO | M10: 2S2TU | N10: 2S3WE | O10: 2S4TH | P10: 2S5FR | Q10: 2S6SA | R10: 2S7SU
E11: 4S | F11: 4TH | G11: 4h | I11: 1S1MO4h | K11: 3S | L11: 3S1MO | M11: 3S2TU | N11: 3S3WE | O11: 3S4TH | P11: 3S5FR | Q11: 3S6SA | R11: 3S7SU
E12: 5S | F12: 5FR | G12: 5h | I12: 1S1MO5h | K12: 4S | L12: 4S1MO | M12: 4S2TU | N12: 4S3WE | O12: 4S4TH | P12: 4S5FR | Q12: 4S6SA | R12: 4S7SU
E13: 6S | F13: 6SA | G13: 6h | I13: 1S1MO6h | K13: {=E12:E15} -> 5S | L13: {=_xlfn.ANCHORARRAY(K13)&L8} -> 5S1MO | M13: {=_xlfn.ANCHORARRAY(K13) &M8} -> 5S2TU | N13: {=_xlfn.ANCHORARRAY(K13)&N8} -> 5S3WE | O13: {=_xlfn.ANCHORARRAY(K13)&O8} -> 5S4TH | P13: {=_xlfn.ANCHORARRAY(K13)&P8} -> 5S5FR | Q13: {=_xlfn.ANCHORARRAY(K13)&Q8} -> 5S6SA | R13: {=_xlfn.ANCHORARRAY(K13)&R8} -> 5S7SU
E14: 7S | F14: 7SU | G14: 7h | I14: 1S1MO7h | K14: 6S | L14: 6S1MO | M14: 6S2TU | N14: 6S3WE | O14: 6S4TH | P14: 6S5FR | Q14: 6S6SA | R14: 6S7SU
E15: 8S | G15: 8h | I15: 1S1MO8h | K15: 7S | L15: 7S1MO | M15: 7S2TU | N15: 7S3WE | O15: 7S4TH | P15: 7S5FR | Q15: 7S6SA | R15: 7S7SU
E16: 9S | G16: 9h | I16: 1S1MO9h | K16: 8S | L16: 8S1MO | M16: 8S2TU | N16: 8S3WE | O16: 8S4TH | P16: 8S5FR | Q16: 8S6SA | R16: 8S7SU
E17: 10S | G17: 10h | I17: 1S1MO10h | K17: {=E16:E19} -> 9S | L17: {=_xlfn.ANCHORARRAY(K17)&L8} -> 9S1MO | M17: {=_xlfn.ANCHORARRAY(K17)&M8} -> 9S2TU | N17: {=_xlfn.ANCHORARRAY(K17)&N8} -> 9S3WE | O17: {=_xlfn.ANCHORARRAY(K17)&O8} -> 9S4TH | P17: {=_xlfn.ANCHORARRAY(K17)&P8} -> 9S5FR | Q17: {=_xlfn.ANCHORARRAY(K17)&Q8} -> 9S6SA | R17: {=_xlfn.ANCHORARRAY(K17)&R8} -> 9S7SU
E18: 11S | G18: 11h | I18: 1S1MO11h | K18: 10S | L18: 10S1MO | M18: 10S2TU | N18: 10S3WE | O18: 10S4TH | P18: 10S5FR | Q18: 10S6SA | R18: 10S7SU
E19: S12 | G19: 12h | I19: 1S1MO12h | K19: 11S | L19: 11S1MO | M19: 11S2TU | N19: 11S3WE | O19: 11S4TH | P19: 11S5FR | Q19: 11S6SA | R19: 11S7SU
G20: 13h | I20: 1S1MO13h | K20: S12 | L20: S121MO | M20: S122TU | N20: S123WE | O20: S124TH | P20: S125FR | Q20: S126SA | R20: S127SU
G21: 14h | I21: 1S1MO14h
G22: 15h | I22: 1S1MO15h
G23: 16h | I23: 1S1MO16h
G24: 17h | I24: 1S1MO17h
G25: 18h | I25: 1S1MO18h
G26: 19h | I26: 1S1MO19h
G27: 20h | I27: 1S1MO20h
G28: 21h | I28: 1S1MO21h
G29: 22h | I29: 1S1MO22h | L29: {=TRANSPOSE(G8:G31)} -> 1h | M29: 2h | N29: 3h | O29: 4h | P29: 5h | Q29: 6h | R29: 7h | S29: 8h | T29: 9h | U29: 10h | V29: 11h | W29: 12h | X29: 13h | Y29: 14h | Z29: 15h | AA29: 16h | AB29: 17h | AC29: 18h | AD29: 19h | AE29: 20h | AF29: 21h | AG29: 22h | AH29: 23h | AI29: 24h
G30: 23h | I30: 1S1MO23h | K30: {=_xlfn.TOCOL(_xlfn.ANCHORARRAY(L9))} -> 1S1MO | L30: {=_xlfn.ANCHORARRAY(K30)&_xlfn.ANCHORARRAY(L29)} -> 1S1MO1h | M30: 1S1MO2h | N30: 1S1MO3h | O30: 1S1MO4h | P30: 1S1MO5h | Q30: 1S1MO6h | R30: 1S1MO7h | S30: 1S1MO8h | T30: 1S1MO9h | U30: 1S1MO10h | V30: 1S1MO11h | W30: 1S1MO12h | X30: 1S1MO13h | Y30: 1S1MO14h | Z30: 1S1MO15h | AA30: 1S1MO16h | AB30: 1S1MO17h | AC30: 1S1MO18h | AD30: 1S1MO19h | AE30: 1S1MO20h | AF30: 1S1MO21h | AG30: 1S1MO22h | AH30: 1S1MO23h | AI30: 1S1MO24h
G31: 24h | I31: 1S1MO24h | K31: 1S2TU | L31: 1S2TU1h | M31: 1S2TU2h | N31: 1S2TU3h | O31: 1S2TU4h | P31: 1S2TU5h | Q31: 1S2TU6h | R31: 1S2TU7h | S31: 1S2TU8h | T31: 1S2TU9h | U31: 1S2TU10h | V31: 1S2TU11h | W31: 1S2TU12h | X31: 1S2TU13h | Y31: 1S2TU14h | Z31: 1S2TU15h | AA31: 1S2TU16h | AB31: 1S2TU17h | AC31: 1S2TU18h | AD31: 1S2TU19h | AE31: 1S2TU20h | AF31: 1S2TU21h | AG31: 1S2TU22h | AH31: 1S2TU23h | AI31: 1S2TU24h
I32: 1S2TU1h | K32: 1S3WE | L32: 1S3WE1h | M32: 1S3WE2h | N32: 1S3WE3h | O32: 1S3WE4h | P32: 1S3WE5h | Q32: 1S3WE6h | R32: 1S3WE7h | S32: 1S3WE8h | T32: 1S3WE9h | U32: 1S3WE10h | V32: 1S3WE11h | W32: 1S3WE12h | X32: 1S3WE13h | Y32: 1S3WE14h | Z32: 1S3WE15h | AA32: 1S3WE16h | AB32: 1S3WE17h | AC32: 1S3WE18h | AD32: 1S3WE19h | AE32: 1S3WE20h | AF32: 1S3WE21h | AG32: 1S3WE22h | AH32: 1S3WE23h | AI32: 1S3WE24h
I33: 1S2TU2h | K33: 1S4TH | L33: 1S4TH1h | M33: 1S4TH2h | N33: 1S4TH3h | O33: 1S4TH4h | P33: 1S4TH5h | Q33: 1S4TH6h | R33: 1S4TH7h | S33: 1S4TH8h | T33: 1S4TH9h | U33: 1S4TH10h | V33: 1S4TH11h | W33: 1S4TH12h | X33: 1S4TH13h | Y33: 1S4TH14h | Z33: 1S4TH15h | AA33: 1S4TH16h | AB33: 1S4TH17h | AC33: 1S4TH18h | AD33: 1S4TH19h | AE33: 1S4TH20h | AF33: 1S4TH21h | AG33: 1S4TH22h | AH33: 1S4TH23h | AI33: 1S4TH24h
I34: 1S2TU3h | K34: 1S5FR | L34: 1S5FR1h | M34: 1S5FR2h | N34: 1S5FR3h | O34: 1S5FR4h | P34: 1S5FR5h | Q34: 1S5FR6h | R34: 1S5FR7h | S34: 1S5FR8h | T34: 1S5FR9h | U34: 1S5FR10h | V34: 1S5FR11h | W34: 1S5FR12h | X34: 1S5FR13h | Y34: 1S5FR14h | Z34: 1S5FR15h | AA34: 1S5FR16h | AB34: 1S5FR17h | AC34: 1S5FR18h | AD34: 1S5FR19h | AE34: 1S5FR20h | AF34: 1S5FR21h | AG34: 1S5FR22h | AH34: 1S5FR23h | AI34: 1S5FR24h
I35: 1S2TU4h | K35: 1S6SA | L35: 1S6SA1h | M35: 1S6SA2h | N35: 1S6SA3h | O35: 1S6SA4h | P35: 1S6SA5h | Q35: 1S6SA6h | R35: 1S6SA7h | S35: 1S6SA8h | T35: 1S6SA9h | U35: 1S6SA10h | V35: 1S6SA11h | W35: 1S6SA12h | X35: 1S6SA13h | Y35: 1S6SA14h | Z35: 1S6SA15h | AA35: 1S6SA16h | AB35: 1S6SA17h | AC35: 1S6SA18h | AD35: 1S6SA19h | AE35: 1S6SA20h | AF35: 1S6SA21h | AG35: 1S6SA22h | AH35: 1S6SA23h | AI35: 1S6SA24h
I36: 1S2TU5h | K36: 1S7SU | L36: 1S7SU1h | M36: 1S7SU2h | N36: 1S7SU3h | O36: 1S7SU4h | P36: 1S7SU5h | Q36: 1S7SU6h | R36: 1S7SU7h | S36: 1S7SU8h | T36: 1S7SU9h | U36: 1S7SU10h | V36: 1S7SU11h | W36: 1S7SU12h | X36: 1S7SU13h | Y36: 1S7SU14h | Z36: 1S7SU15h | AA36: 1S7SU16h | AB36: 1S7SU17h | AC36: 1S7SU18h | AD36: 1S7SU19h | AE36: 1S7SU20h | AF36: 1S7SU21h | AG36: 1S7SU22h | AH36: 1S7SU23h | AI36: 1S7SU24h
I37: 1S2TU6h | K37: 2S1MO | L37: 2S1MO1h | M37: 2S1MO2h | N37: 2S1MO3h | O37: 2S1MO4h | P37: 2S1MO5h | Q37: 2S1MO6h | R37: 2S1MO7h | S37: 2S1MO8h | T37: 2S1MO9h | U37: 2S1MO10h | V37: 2S1MO11h | W37: 2S1MO12h | X37: 2S1MO13h | Y37: 2S1MO14h | Z37: 2S1MO15h | AA37: 2S1MO16h | AB37: 2S1MO17h | AC37: 2S1MO18h | AD37: 2S1MO19h | AE37: 2S1MO20h | AF37: 2S1MO21h | AG37: 2S1MO22h | AH37: 2S1MO23h | AI37: 2S1MO24h
I38: 1S2TU7h | K38: 2S2TU | L38: 2S2TU1h | M38: 2S2TU2h | N38: 2S2TU3h | O38: 2S2TU4h | P38: 2S2TU5h | Q38: 2S2TU6h | R38: 2S2TU7h | S38: 2S2TU8h | T38: 2S2TU9h | U38: 2S2TU10h | V38: 2S2TU11h | W38: 2S2TU12h | X38: 2S2TU13h | Y38: 2S2TU14h | Z38: 2S2TU15h | AA38: 2S2TU16h | AB38: 2S2TU17h | AC38: 2S2TU18h | AD38: 2S2TU19h | AE38: 2S2TU20h | AF38: 2S2TU21h | AG38: 2S2TU22h | AH38: 2S2TU23h | AI38: 2S2TU24h
I39: 1S2TU8h | K39: 2S3WE | L39: 2S3WE1h | M39: 2S3WE2h | N39: 2S3WE3h | O39: 2S3WE4h | P39: 2S3WE5h | Q39: 2S3WE6h | R39: 2S3WE7h | S39: 2S3WE8h | T39: 2S3WE9h | U39: 2S3WE10h | V39: 2S3WE11h | W39: 2S3WE12h | X39: 2S3WE13h | Y39: 2S3WE14h | Z39: 2S3WE15h | AA39: 2S3WE16h | AB39: 2S3WE17h | AC39: 2S3WE18h | AD39: 2S3WE19h | AE39: 2S3WE20h | AF39: 2S3WE21h | AG39: 2S3WE22h | AH39: 2S3WE23h | AI39: 2S3WE24h
I40: 1S2TU9h | K40: 2S4TH | L40: 2S4TH1h | M40: 2S4TH2h | N40: 2S4TH3h | O40: 2S4TH4h | P40: 2S4TH5h | Q40: 2S4TH6h | R40: 2S4TH7h | S40: 2S4TH8h | T40: 2S4TH9h | U40: 2S4TH10h | V40: 2S4TH11h | W40: 2S4TH12h | X40: 2S4TH13h | Y40: 2S4TH14h | Z40: 2S4TH15h | AA40: 2S4TH16h | AB40: 2S4TH17h | AC40: 2S4TH18h | AD40: 2S4TH19h | AE40: 2S4TH20h | AF40: 2S4TH21h | AG40: 2S4TH22h | AH40: 2S4TH23h | AI40: 2S4TH24h
I41: 1S2TU10h | K41: 2S5FR | L41: 2S5FR1h | M41: 2S5FR2h | N41: 2S5FR3h | O41: 2S5FR4h | P41: 2S5FR5h | Q41: 2S5FR6h | R41: 2S5FR7h | S41: 2S5FR8h | T41: 2S5FR9h | U41: 2S5FR10h | V41: 2S5FR11h | W41: 2S5FR12h | X41: 2S5FR13h | Y41: 2S5FR14h | Z41: 2S5FR15h | AA41: 2S5FR16h | AB41: 2S5FR17h | AC41: 2S5FR18h | AD41: 2S5FR19h | AE41: 2S5FR20h | AF41: 2S5FR21h | AG41: 2S5FR22h | AH41: 2S5FR23h | AI41: 2S5FR24h
I42: 1S2TU11h | K42: 2S6SA | L42: 2S6SA1h | M42: 2S6SA2h | N42: 2S6SA3h | O42: 2S6SA4h | P42: 2S6SA5h | Q42: 2S6SA6h | R42: 2S6SA7h | S42: 2S6SA8h | T42: 2S6SA9h | U42: 2S6SA10h | V42: 2S6SA11h | W42: 2S6SA12h | X42: 2S6SA13h | Y42: 2S6SA14h | Z42: 2S6SA15h | AA42: 2S6SA16h | AB42: 2S6SA17h | AC42: 2S6SA18h | AD42: 2S6SA19h | AE42: 2S6SA20h | AF42: 2S6SA21h | AG42: 2S6SA22h | AH42: 2S6SA23h | AI42: 2S6SA24h
I43: 1S2TU12h | K43: 2S7SU | L43: 2S7SU1h | M43: 2S7SU2h | N43: 2S7SU3h | O43: 2S7SU4h | P43: 2S7SU5h | Q43: 2S7SU6h | R43: 2S7SU7h | S43: 2S7SU8h | T43: 2S7SU9h | U43: 2S7SU10h | V43: 2S7SU11h | W43: 2S7SU12h | X43: 2S7SU13h | Y43: 2S7SU14h | Z43: 2S7SU15h | AA43: 2S7SU16h | AB43: 2S7SU17h | AC43: 2S7SU18h | AD43: 2S7SU19h | AE43: 2S7SU20h | AF43: 2S7SU21h | AG43: 2S7SU22h | AH43: 2S7SU23h | AI43: 2S7SU24h
... I57: 1S3WE2h | K57: 4S7SU | L57: 4S7SU1h | M57: 4S7SU2h | N57: 4S7SU3h | O57: 4S7SU4h | P57: 4S7SU5h | Q57: 4S7SU6h | R57: 4S7SU7h | S57: 4S7SU8h | T57: 4S7SU9h | U57: 4S7SU10h | V57: 4S7SU11h | W57: 4S7SU12h | X57: 4S7SU13h | Y57: 4S7SU14h | Z57: 4S7SU15h | AA57: 4S7SU16h | AB57: 4S7SU17h | AC57: 4S7SU18h | AD57: 4S7SU19h | AE57: 4S7SU20h | AF57: 4S7SU21h | AG57: 4S7SU22h | AH57: 4S7SU23h | AI57: 4S7SU24h
I58: 1S3WE3h | K58: {=_xlfn.TOCOL(L13:R16)} -> 5S1MO | L58: {=_xlfn.ANCHORARRAY(K58)&_xlfn.ANCHORARRAY(L29)} -> 5S1MO1h | M58: 5S1MO2h | N58: 5S1MO3h | O58: 5S1MO4h | P58: 5S1MO5h | Q58: 5S1MO6h | R58: 5S1MO7h | S58: 5S1MO8h | T58: 5S1MO9h | U58: 5S1MO10h | V58: 5S1MO11h | W58: 5S1MO12h | X58: 5S1MO13h | Y58: 5S1MO14h | Z58: 5S1MO15h | AA58: 5S1MO16h | AB58: 5S1MO17h | AC58: 5S1MO18h | AD58: 5S1MO19h | AE58: 5S1MO20h | AF58: 5S1MO21h | AG58: 5S1MO22h | AH58: 5S1MO23h | AI58: 5S1MO24h
I59: 1S3WE4h | K59: 5S2TU | L59: 5S2TU1h | M59: 5S2TU2h | N59: 5S2TU3h | O59: 5S2TU4h | P59: 5S2TU5h | Q59: 5S2TU6h | R59: 5S2TU7h | S59: 5S2TU8h | T59: 5S2TU9h | U59: 5S2TU10h | V59: 5S2TU11h | W59: 5S2TU12h | X59: 5S2TU13h | Y59: 5S2TU14h | Z59: 5S2TU15h | AA59: 5S2TU16h | AB59: 5S2TU17h | AC59: 5S2TU18h | AD59: 5S2TU19h | AE59: 5S2TU20h | AF59: 5S2TU21h | AG59: 5S2TU22h | AH59: 5S2TU23h | AI59: 5S2TU24h
I60: 1S3WE5h | K60: 5S3WE | L60: 5S3WE1h | M60: 5S3WE2h | N60: 5S3WE3h | O60: 5S3WE4h | P60: 5S3WE5h | Q60: 5S3WE6h | R60: 5S3WE7h | S60: 5S3WE8h | T60: 5S3WE9h | U60: 5S3WE10h | V60: 5S3WE11h | W60: 5S3WE12h | X60: 5S3WE13h | Y60: 5S3WE14h | Z60: 5S3WE15h | AA60: 5S3WE16h | AB60: 5S3WE17h | AC60: 5S3WE18h | AD60: 5S3WE19h | AE60: 5S3WE20h | AF60: 5S3WE21h | AG60: 5S3WE22h | AH60: 5S3WE23h | AI60: 5S3WE24h
I61: 1S3WE6h | K61: 5S4TH | L61: 5S4TH1h | M61: 5S4TH2h | N61: 5S4TH3h | O61: 5S4TH4h | P61: 5S4TH5h | Q61: 5S4TH6h | R61: 5S4TH7h | S61: 5S4TH8h | T61: 5S4TH9h | U61: 5S4TH10h | V61: 5S4TH11h | W61: 5S4TH12h | X61: 5S4TH13h | Y61: 5S4TH14h | Z61: 5S4TH15h | AA61: 5S4TH16h | AB61: 5S4TH17h | AC61: 5S4TH18h | AD61: 5S4TH19h | AE61: 5S4TH20h | AF61: 5S4TH21h | AG61: 5S4TH22h | AH61: 5S4TH23h | AI61: 5S4TH24h
I62: 1S3WE7h | K62: 5S5FR | L62: 5S5FR1h | M62: 5S5FR2h | N62: 5S5FR3h | O62: 5S5FR4h | P62: 5S5FR5h | Q62: 5S5FR6h | R62: 5S5FR7h | S62: 5S5FR8h | T62: 5S5FR9h | U62: 5S5FR10h | V62: 5S5FR11h | W62: 5S5FR12h | X62: 5S5FR13h | Y62: 5S5FR14h | Z62: 5S5FR15h | AA62: 5S5FR16h | AB62: 5S5FR17h | AC62: 5S5FR18h | AD62: 5S5FR19h | AE62: 5S5FR20h | AF62: 5S5FR21h | AG62: 5S5FR22h | AH62: 5S5FR23h | AI62: 5S5FR24h
I63: 1S3WE8h | K63: 5S6SA | L63: 5S6SA1h | M63: 5S6SA2h | N63: 5S6SA3h | O63: 5S6SA4h | P63: 5S6SA5h | Q63: 5S6SA6h | R63: 5S6SA7h | S63: 5S6SA8h | T63: 5S6SA9h | U63: 5S6SA10h | V63: 5S6SA11h | W63: 5S6SA12h | X63: 5S6SA13h | Y63: 5S6SA14h | Z63: 5S6SA15h | AA63: 5S6SA16h | AB63: 5S6SA17h | AC63: 5S6SA18h | AD63: 5S6SA19h | AE63: 5S6SA20h | AF63: 5S6SA21h | AG63: 5S6SA22h | AH63: 5S6SA23h | AI63: 5S6SA24h
I64: 1S3WE9h | K64: 5S7SU | L64: 5S7SU1h | M64: 5S7SU2h | N64: 5S7SU3h | O64: 5S7SU4h | P64: 5S7SU5h | Q64: 5S7SU6h | R64: 5S7SU7h | S64: 5S7SU8h | T64: 5S7SU9h | U64: 5S7SU10h | V64: 5S7SU11h | W64: 5S7SU12h | X64: 5S7SU13h | Y64: 5S7SU14h | Z64: 5S7SU15h | AA64: 5S7SU16h | AB64: 5S7SU17h | AC64: 5S7SU18h | AD64: 5S7SU19h | AE64: 5S7SU20h | AF64: 5S7SU21h | AG64: 5S7SU22h | AH64: 5S7SU23h | AI64: 5S7SU24h
I65: 1S3WE10h | K65: 6S1MO | L65: 6S1MO1h | M65: 6S1MO2h | N65: 6S1MO3h | O65: 6S1MO4h | P65: 6S1MO5h | Q65: 6S1MO6h | R65: 6S1MO7h | S65: 6S1MO8h | T65: 6S1MO9h | U65: 6S1MO10h | V65: 6S1MO11h | W65: 6S1MO12h | X65: 6S1MO13h | Y65: 6S1MO14h | Z65: 6S1MO15h | AA65: 6S1MO16h | AB65: 6S1MO17h | AC65: 6S1MO18h | AD65: 6S1MO19h | AE65: 6S1MO20h | AF65: 6S1MO21h | AG65: 6S1MO22h | AH65: 6S1MO23h | AI65: 6S1MO24h
I66: 1S3WE11h | K66: 6S2TU | L66: 6S2TU1h | M66: 6S2TU2h | N66: 6S2TU3h | O66: 6S2TU4h | P66: 6S2TU5h | Q66: 6S2TU6h | R66: 6S2TU7h | S66: 6S2TU8h | T66: 6S2TU9h | U66: 6S2TU10h | V66: 6S2TU11h | W66: 6S2TU12h | X66: 6S2TU13h | Y66: 6S2TU14h | Z66: 6S2TU15h | AA66: 6S2TU16h | AB66: 6S2TU17h | AC66: 6S2TU18h | AD66: 6S2TU19h | AE66: 6S2TU20h | AF66: 6S2TU21h | AG66: 6S2TU22h | AH66: 6S2TU23h | AI66: 6S2TU24h
I67: 1S3WE12h | K67: 6S3WE | L67: 6S3WE1h | M67: 6S3WE2h | N67: 6S3WE3h | O67: 6S3WE4h | P67: 6S3WE5h | Q67: 6S3WE6h | R67: 6S3WE7h | S67: 6S3WE8h | T67: 6S3WE9h | U67: 6S3WE10h | V67: 6S3WE11h | W67: 6S3WE12h | X67: 6S3WE13h | Y67: 6S3WE14h | Z67: 6S3WE15h | AA67: 6S3WE16h | AB67: 6S3WE17h | AC67: 6S3WE18h | AD67: 6S3WE19h | AE67: 6S3WE20h | AF67: 6S3WE21h | AG67: 6S3WE22h | AH67: 6S3WE23h | AI67: 6S3WE24h
I68: 1S3WE13h | K68: 6S4TH | L68: 6S4TH1h | M68: 6S4TH2h | N68: 6S4TH3h | O68: 6S4TH4h | P68: 6S4TH5h | Q68: 6S4TH6h | R68: 6S4TH7h | S68: 6S4TH8h | T68: 6S4TH9h | U68: 6S4TH10h | V68: 6S4TH11h | W68: 6S4TH12h | X68: 6S4TH13h | Y68: 6S4TH14h | Z68: 6S4TH15h | AA68: 6S4TH16h | AB68: 6S4TH17h | AC68: 6S4TH18h | AD68: 6S4TH19h | AE68: 6S4TH20h | AF68: 6S4TH21h | AG68: 6S4TH22h | AH68: 6S4TH23h | AI68: 6S4TH24h
I69: 1S3WE14h | K69: 6S5FR | L69: 6S5FR1h | M69: 6S5FR2h | N69: 6S5FR3h | O69: 6S5FR4h | P69: 6S5FR5h | Q69: 6S5FR6h | R69: 6S5FR7h | S69: 6S5FR8h | T69: 6S5FR9h | U69: 6S5FR10h | V69: 6S5FR11h | W69: 6S5FR12h | X69: 6S5FR13h | Y69: 6S5FR14h | Z69: 6S5FR15h | AA69: 6S5FR16h | AB69: 6S5FR17h | AC69: 6S5FR18h | AD69: 6S5FR19h | AE69: 6S5FR20h | AF69: 6S5FR21h | AG69: 6S5FR22h | AH69: 6S5FR23h | AI69: 6S5FR24h
I70: 1S3WE15h | K70: 6S6SA | L70: 6S6SA1h | M70: 6S6SA2h | N70: 6S6SA3h | O70: 6S6SA4h | P70: 6S6SA5h | Q70: 6S6SA6h | R70: 6S6SA7h | S70: 6S6SA8h | T70: 6S6SA9h | U70: 6S6SA10h | V70: 6S6SA11h | W70: 6S6SA12h | X70: 6S6SA13h | Y70: 6S6SA14h | Z70: 6S6SA15h | AA70: 6S6SA16h | AB70: 6S6SA17h | AC70: 6S6SA18h | AD70: 6S6SA19h | AE70: 6S6SA20h | AF70: 6S6SA21h | AG70: 6S6SA22h | AH70: 6S6SA23h | AI70: 6S6SA24h
... I85: 1S4TH6h | K85: 8S7SU | L85: 8S7SU1h | M85: 8S7SU2h | N85: 8S7SU3h | O85: 8S7SU4h | P85: 8S7SU5h | Q85: 8S7SU6h | R85: 8S7SU7h | S85: 8S7SU8h | T85: 8S7SU9h | U85: 8S7SU10h | V85: 8S7SU11h | W85: 8S7SU12h | X85: 8S7SU13h | Y85: 8S7SU14h | Z85: 8S7SU15h | AA85: 8S7SU16h | AB85: 8S7SU17h | AC85: 8S7SU18h | AD85: 8S7SU19h | AE85: 8S7SU20h | AF85: 8S7SU21h | AG85: 8S7SU22h | AH85: 8S7SU23h | AI85: 8S7SU24h
I86: 1S4TH7h | K86: {=_xlfn.TOCOL(L17:R20)} -> 9S1MO | L86: {=_xlfn.ANCHORARRAY(K86)&_xlfn.ANCHORARRAY(L29)} -> 9S1MO1h | M86: 9S1MO2h | N86: 9S1MO3h | O86: 9S1MO4h | P86: 9S1MO5h | Q86: 9S1MO6h | R86: 9S1MO7h | S86: 9S1MO8h | T86: 9S1MO9h | U86: 9S1MO10h | V86: 9S1MO11h | W86: 9S1MO12h | X86: 9S1MO13h | Y86: 9S1MO14h | Z86: 9S1MO15h | AA86: 9S1MO16h | AB86: 9S1MO17h | AC86: 9S1MO18h | AD86: 9S1MO19h | AE86: 9S1MO20h | AF86: 9S1MO21h | AG86: 9S1MO22h | AH86: 9S1MO23h | AI86: 9S1MO24h
I87: 1S4TH8h | K87: 9S2TU | L87: 9S2TU1h | M87: 9S2TU2h | N87: 9S2TU3h | O87: 9S2TU4h | P87: 9S2TU5h | Q87: 9S2TU6h | R87: 9S2TU7h | S87: 9S2TU8h | T87: 9S2TU9h | U87: 9S2TU10h | V87: 9S2TU11h | W87: 9S2TU12h | X87: 9S2TU13h | Y87: 9S2TU14h | Z87: 9S2TU15h | AA87: 9S2TU16h | AB87: 9S2TU17h | AC87: 9S2TU18h | AD87: 9S2TU19h | AE87: 9S2TU20h | AF87: 9S2TU21h | AG87: 9S2TU22h | AH87: 9S2TU23h | AI87: 9S2TU24h
I88: 1S4TH9h | K88: 9S3WE | L88: 9S3WE1h | M88: 9S3WE2h | N88: 9S3WE3h | O88: 9S3WE4h | P88: 9S3WE5h | Q88: 9S3WE6h | R88: 9S3WE7h | S88: 9S3WE8h | T88: 9S3WE9h | U88: 9S3WE10h | V88: 9S3WE11h | W88: 9S3WE12h | X88: 9S3WE13h | Y88: 9S3WE14h | Z88: 9S3WE15h | AA88: 9S3WE16h | AB88: 9S3WE17h | AC88: 9S3WE18h | AD88: 9S3WE19h | AE88: 9S3WE20h | AF88: 9S3WE21h | AG88: 9S3WE22h | AH88: 9S3WE23h | AI88: 9S3WE24h
I89: 1S4TH10h | K89: 9S4TH | L89: 9S4TH1h | M89: 9S4TH2h | N89: 9S4TH3h | O89: 9S4TH4h | P89: 9S4TH5h | Q89: 9S4TH6h | R89: 9S4TH7h | S89: 9S4TH8h | T89: 9S4TH9h | U89: 9S4TH10h | V89: 9S4TH11h | W89: 9S4TH12h | X89: 9S4TH13h | Y89: 9S4TH14h | Z89: 9S4TH15h | AA89: 9S4TH16h | AB89: 9S4TH17h | AC89: 9S4TH18h | AD89: 9S4TH19h | AE89: 9S4TH20h | AF89: 9S4TH21h | AG89: 9S4TH22h | AH89: 9S4TH23h | AI89: 9S4TH24h
I90: 1S4TH11h | K90: 9S5FR | L90: 9S5FR1h | M90: 9S5FR2h | N90: 9S5FR3h | O90: 9S5FR4h | P90: 9S5FR5h | Q90: 9S5FR6h | R90: 9S5FR7h | S90: 9S5FR8h | T90: 9S5FR9h | U90: 9S5FR10h | V90: 9S5FR11h | W90: 9S5FR12h | X90: 9S5FR13h | Y90: 9S5FR14h | Z90: 9S5FR15h | AA90: 9S5FR16h | AB90: 9S5FR17h | AC90: 9S5FR18h | AD90: 9S5FR19h | AE90: 9S5FR20h | AF90: 9S5FR21h | AG90: 9S5FR22h | AH90: 9S5FR23h | AI90: 9S5FR24h
I91: 1S4TH12h | K91: 9S6SA | L91: 9S6SA1h | M91: 9S6SA2h | N91: 9S6SA3h | O91: 9S6SA4h | P91: 9S6SA5h | Q91: 9S6SA6h | R91: 9S6SA7h | S91: 9S6SA8h | T91: 9S6SA9h | U91: 9S6SA10h | V91: 9S6SA11h | W91: 9S6SA12h | X91: 9S6SA13h | Y91: 9S6SA14h | Z91: 9S6SA15h | AA91: 9S6SA16h | AB91: 9S6SA17h | AC91: 9S6SA18h | AD91: 9S6SA19h | AE91: 9S6SA20h | AF91: 9S6SA21h | AG91: 9S6SA22h | AH91: 9S6SA23h | AI91: 9S6SA24h
I92: 1S4TH13h | K92: 9S7SU | L92: 9S7SU1h | M92: 9S7SU2h | N92: 9S7SU3h | O92: 9S7SU4h | P92: 9S7SU5h | Q92: 9S7SU6h | R92: 9S7SU7h | S92: 9S7SU8h | T92: 9S7SU9h | U92: 9S7SU10h | V92: 9S7SU11h | W92: 9S7SU12h | X92: 9S7SU13h | Y92: 9S7SU14h | Z92: 9S7SU15h | AA92: 9S7SU16h | AB92: 9S7SU17h | AC92: 9S7SU18h | AD92: 9S7SU19h | AE92: 9S7SU20h | AF92: 9S7SU21h | AG92: 9S7SU22h | AH92: 9S7SU23h | AI92: 9S7SU24h
I93: 1S4TH14h | K93: 10S1MO | L93: 10S1MO1h | M93: 10S1MO2h | N93: 10S1MO3h | O93: 10S1MO4h | P93: 10S1MO5h | Q93: 10S1MO6h | R93: 10S1MO7h | S93: 10S1MO8h | T93: 10S1MO9h | U93: 10S1MO10h | V93: 10S1MO11h | W93: 10S1MO12h | X93: 10S1MO13h | Y93: 10S1MO14h | Z93: 10S1MO15h | AA93: 10S1MO16h | AB93: 10S1MO17h | AC93: 10S1MO18h | AD93: 10S1MO19h | AE93: 10S1MO20h | AF93: 10S1MO21h | AG93: 10S1MO22h | AH93: 10S1MO23h | AI93: 10S1MO24h
I94: 1S4TH15h | K94: 10S2TU | L94: 10S2TU1h | M94: 10S2TU2h | N94: 10S2TU3h | O94: 10S2TU4h | P94: 10S2TU5h | Q94: 10S2TU6h | R94: 10S2TU7h | S94: 10S2TU8h | T94: 10S2TU9h | U94: 10S2TU10h | V94: 10S2TU11h | W94: 10S2TU12h | X94: 10S2TU13h | Y94: 10S2TU14h | Z94: 10S2TU15h | AA94: 10S2TU16h | AB94: 10S2TU17h | AC94: 10S2TU18h | AD94: 10S2TU19h | AE94: 10S2TU20h | AF94: 10S2TU21h | AG94: 10S2TU22h | AH94: 10S2TU23h | AI94: 10S2TU24h
I95: 1S4TH16h | K95: 10S3WE | L95: 10S3WE1h | M95: 10S3WE2h | N95: 10S3WE3h | O95: 10S3WE4h | P95: 10S3WE5h | Q95: 10S3WE6h | R95: 10S3WE7h | S95: 10S3WE8h | T95: 10S3WE9h | U95: 10S3WE10h | V95: 10S3WE11h | W95: 10S3WE12h | X95: 10S3WE13h | Y95: 10S3WE14h | Z95: 10S3WE15h | AA95: 10S3WE16h | AB95: 10S3WE17h | AC95: 10S3WE18h | AD95: 10S3WE19h | AE95: 10S3WE20h | AF95: 10S3WE21h | AG95: 10S3WE22h | AH95: 10S3WE23h | AI95: 10S3WE24h
I96: 1S4TH17h | K96: 10S4TH | L96: 10S4TH1h | M96: 10S4TH2h | N96: 10S4TH3h | O96: 10S4TH4h | P96: 10S4TH5h | Q96: 10S4TH6h | R96: 10S4TH7h | S96: 10S4TH8h | T96: 10S4TH9h | U96: 10S4TH10h | V96: 10S4TH11h | W96: 10S4TH12h | X96: 10S4TH13h | Y96: 10S4TH14h | Z96: 10S4TH15h | AA96: 10S4TH16h | AB96: 10S4TH17h | AC96: 10S4TH18h | AD96: 10S4TH19h | AE96: 10S4TH20h | AF96: 10S4TH21h | AG96: 10S4TH22h | AH96: 10S4TH23h | AI96: 10S4TH24h
I97: 1S4TH18h | K97: 10S5FR | L97: 10S5FR1h | M97: 10S5FR2h | N97: 10S5FR3h | O97: 10S5FR4h | P97: 10S5FR5h | Q97: 10S5FR6h | R97: 10S5FR7h | S97: 10S5FR8h | T97: 10S5FR9h | U97: 10S5FR10h | V97: 10S5FR11h | W97: 10S5FR12h | X97: 10S5FR13h | Y97: 10S5FR14h | Z97: 10S5FR15h | AA97: 10S5FR16h | AB97: 10S5FR17h | AC97: 10S5FR18h | AD97: 10S5FR19h | AE97: 10S5FR20h | AF97: 10S5FR21h | AG97: 10S5FR22h | AH97: 10S5FR23h | AI97: 10S5FR24h
I98: 1S4TH19h | K98: 10S6SA | L98: 10S6SA1h | M98: 10S6SA2h | N98: 10S6SA3h | O98: 10S6SA4h | P98: 10S6SA5h | Q98: 10S6SA6h | R98: 10S6SA7h | S98: 10S6SA8h | T98: 10S6SA9h | U98: 10S6SA10h | V98: 10S6SA11h | W98: 10S6SA12h | X98: 10S6SA13h | Y98: 10S6SA14h | Z98: 10S6SA15h | AA98: 10S6SA16h | AB98: 10S6SA17h | AC98: 10S6SA18h | AD98: 10S6SA19h | AE98: 10S6SA20h | AF98: 10S6SA21h | AG98: 10S6SA22h | AH98: 10S6SA23h | AI98: 10S6SA24h
... I113: 1S5FR10h | K113: S127SU | L113: S127SU1h | M113: S127SU2h | N113: S127SU3h | O113: S127SU4h | P113: S127SU5h | Q113: S127SU6h | R113: S127SU7h | S113: S127SU8h | T113: S127SU9h | U113: S127SU10h | V113: S127SU11h | W113: S127SU12h | X113: S127SU13h | Y113: S127SU14h | Z113: S127SU15h | AA113: S127SU16h | AB113: S127SU17h | AC113: S127SU18h | AD113: S127SU19h | AE113: S127SU20h | AF113: S127SU21h | AG113: S127SU22h | AH113: S127SU23h | AI113: S127SU24h
I114: 1S5FR11h
I115: 1S5FR12h
I116: 1S5FR13h
I117: 1S5FR14h
I118: 1S5FR15h
I119: 1S5FR16h
I120: 1S5FR17h
I121: 1S5FR18h
I122: 1S5FR19h
I123: 1S5FR20h
I124: 1S5FR21h
I125: 1S5FR22h
... I679: 4S7SU24h
I680: {=_xlfn.TOCOL(_xlfn.ANCHORARRAY(L58))} -> 5S1MO1h
I681: 5S1MO2h
I682: 5S1MO3h
I683: 5S1MO4h
I684: 5S1MO5h
I685: 5S1MO6h
I686: 5S1MO7h
I687: 5S1MO8h
I688: 5S1MO9h
I689: 5S1MO10h
I690: 5S1MO11h
I691: 5S1MO12h
I692: 5S1MO13h
... I1351: 8S7SU24h
I1352: {=_xlfn.TOCOL(_xlfn.ANCHORARRAY(L86))} -> 9S1MO1h
I1353: 9S1MO2h
I1354: 9S1MO3h
I1355: 9S1MO4h
I1356: 9S1MO5h
...

Sheet TimePeriods
B4: Start Year
B6: ~StartYear
B7: 2023
B13: Period definition | E13: Active period definition
B15: ~TimePeriods | E15: ~ActivePDef
B16: Pdef-1 | E16: Pdef-1
B17: 1
B18: 4
B19: 5
B20: 5
B21: 5
B22: 5
B23: 5
B25: 5

Sheet Interpol_Extrapol_Defaults
B4: Global interpolation settings
B6: ~TFM_MIG
B7: LimType | C7: Attribute | D7: Year2 | E7: AllRegions | F7: Pset_PN
B8: UP | C8: ACT_BND | D8: 0 | E8: 5
B10: FX | C10: AFA | D10: 0 | E10: 1
B11: UP | C11: Share-O | D11: 0 | E11: 5
B12: UP | C12: Share-I | D12: 0 | E12: 5
B14: Dummy Import Prices
B16: ~TFM_UPD
B17: Attribute | C17: AllRegions | D17: Pset_Set | E17: Pset_PN
B18: ACTCOST | C18: 3333 | D18: IRE | E18: IMP*Z
B19: ACTCOST | C19: 8888 | D19: IRE | E19: IMPDEMZ

Sheet Constants
B3: * Definizioni delle costanti nel modello
B5: ~TFM_INS
B6: TimeSlice | C6: LimType | D6: Attribute | E6: Year | F6: Other_Indexes | G6: AllRegions | H6: Cset_CN
D7: G_DYEAR | G7: 2023
D8: Discount | G8: 0.07
D9: G_DYEAR | G9: 2023
D10: G_CYCLE | F10: DAYNITE | G10: 12
B11: \I:
B12: ='Region-Time Slices'!I8 -> 1S1MO1h | D12: YRFR | G12: =1/2016 -> 0.00049603175
B13: ='Region-Time Slices'!I9 -> 1S1MO2h | D13: YRFR | G13: =1/2016 -> 0.00049603175
B14: ='Region-Time Slices'!I10 -> 1S1MO3h | D14: YRFR | G14: =1/2016 -> 0.00049603175
B15: ='Region-Time Slices'!I11 -> 1S1MO4h | D15: YRFR | G15: =1/2016 -> 0.00049603175
B16: ='Region-Time Slices'!I12 -> 1S1MO5h | D16: YRFR | G16: =1/2016 -> 0.00049603175
B17: ='Region-Time Slices'!I13 -> 1S1MO6h | D17: YRFR | G17: =1/2016 -> 0.00049603175
B18: ='Region-Time Slices'!I14 -> 1S1MO7h | D18: YRFR | G18: =1/2016 -> 0.00049603175
B19: ='Region-Time Slices'!I15 -> 1S1MO8h | D19: YRFR | G19: =1/2016 -> 0.00049603175
B20: ='Region-Time Slices'!I16 -> 1S1MO9h | D20: YRFR | G20: =1/2016 -> 0.00049603175
B21: ='Region-Time Slices'!I17 -> 1S1MO10h | D21: YRFR | G21: =1/2016 -> 0.00049603175
B22: ='Region-Time Slices'!I18 -> 1S1MO11h | D22: YRFR | G22: =1/2016 -> 0.00049603175
B23: ='Region-Time Slices'!I19 -> 1S1MO12h | D23: YRFR | G23: =1/2016 -> 0.00049603175
... B2027: ='Region-Time Slices'!I2023 -> S127SU24h | D2027: YRFR | G2027: =1/2016 -> 0.00049603175

Sheet Defaults
B2: * Currencies | D2: * Default Units
B4: ~Currencies | D4: ~DefUnits
B5: Currency | D5: Option | E5: PRI | F5: ELC | G5: IND | H5: RCA | I5: TRA
B6: MPLN | D6: Process_ActUnit | E6: PJ | F6: PJ | G6: PJ | H6: PJ | I6: kPk
B7: MEuro | D7: Process_CapUnit | E7: PJa | F7: GW | G7: GW | H7: PJa | I7: 000_Units
D8: Commodity_Unit | E8: PJ | F8: PJ | G8: PJ | H8: PJ | I8: kPk
B11: * Unit Conversion
B13: ~UnitConversion
B14: from_unit | C14: to_unit | D14: multiplier
B15: QBtu | C15: PJ | D15: 1055.55
B16: TWh | C16: PJ | D16: 3.6
B17: Mt | C17: Kt | D17: 1000
B18: B Euro | C18: M Euro | D18: 1000
B19: TBtu | C19: PJ | D19: 1.05555
B20: ktoe | C20: PJ | D20: 0.041868
B21: mtoe | C21: PJ | D21: 41.868
B22: Gwh | C22: PJ | D22: 0.0036
B23: Gt | C23: Kt | D23: 1000000
B24: bEur | C24: mEur | D24: 1000
B25: Eur per bbl | C25: Eur per GJ | D25: 0.153846
B26: Eur per ton | C26: mEur per kt | D26: -0.001
... B30: Cents per Kwh | C30: Eur per GJ | D30: 2.777777
B31: PJ | C31: TWh | D31: =1/3.6 -> 0.27777778
B32: PJ | C32: PJ | D32: 1
B33: MPLN | C33: MEuro | D33: 4.5

Sheet Reporting
B2: ~TFM_INS
B3: Attribute | C3: Other_Indexes | D3: AllRegions
B4: RPT_OPT | C4: FLO~3 | D4: 1
